Basin,Operator,01/03/2022,01/12/2022,11/22/2021,12/14/2021,12/20/2021,12/27/2021,All
Anadarko,"AMERICAN WARRIOR, INC.",1.0,1.0,,,,1.0,3
Anadarko,BEREXCO LLC,1.0,1.0,,,,1.0,3
Anadarko,BLACK MESA ENERGY LLC,1.0,1.0,,,1.0,1.0,4
Anadarko,"BLACKBEARD OPERATING, LLC",1.0,1.0,1.0,1.0,1.0,1.0,6
Anadarko,BLAKE PRODUCTION COMPANY INC,,,1.0,1.0,,,2
Anadarko,"BLUE GOOSE DRILLING COMPANY, INC.",,1.0,,,,,1
Anadarko,BNK PETROLEUM (US) INC,1.0,1.0,,,,,2
Anadarko,BROOKS RANGE CORPORATION,,1.0,1.0,,,,2
Anadarko,CAMINO NATURAL RESOURCES LLC,3.0,3.0,3.0,3.0,3.0,3.0,18
Anadarko,"CARMEN SCHMITT, INC.",,,,1.0,,,1
Anadarko,CHAPARRAL ENERGY LLC,1.0,1.0,,,,1.0,3
Anadarko,CHEYENNE PETROLEUM COMPANY,1.0,1.0,1.0,1.0,1.0,1.0,6
Anadarko,CITIZEN ENERGY III LLC,4.0,4.0,4.0,4.0,4.0,4.0,24
Anadarko,COMANCHE EXPLORATION CO LLC,1.0,1.0,1.0,2.0,2.0,2.0,9
Anadarko,COMANCHE EXPLORATION COMPANY LLC,1.0,1.0,,,,,2
Anadarko,COMMAND ENERGY OPERATING LLC,,,1.0,,,,1
Anadarko,CONTINENTAL RESOURCES INC,9.0,8.0,9.0,9.0,8.0,9.0,52
Anadarko,"COURSON OIL & GAS, INC.",1.0,1.0,,,,,2
Anadarko,CPRP SERVICES LLC,1.0,1.0,1.0,,,,3
Anadarko,CRAWLEY PETROLEUM CORPORATION,1.0,1.0,1.0,1.0,1.0,1.0,6
Anadarko,"DDD EXPLORATION, INC.",,,1.0,,,,1
Anadarko,DEVON ENERGY PRODUCTION CO LP,2.0,3.0,2.0,2.0,2.0,2.0,13
Anadarko,EAGLE CREEK CORPORATION,1.0,,,,,1.0,2
Anadarko,"FORTAY, INC.",1.0,,,1.0,1.0,1.0,4
Anadarko,GULFPORT MIDCON LLC,2.0,2.0,2.0,2.0,2.0,2.0,12
Anadarko,"H & L EXPLORATION COMPANY, LLC",,1.0,,,,,1
Anadarko,HINKLE OIL & GAS INC,2.0,2.0,1.0,2.0,2.0,2.0,11
Anadarko,"JOE GERSTNER OIL, LLC",,,,1.0,1.0,,2
Anadarko,JONES L E OPERATING INC,1.0,,,,,,1
Anadarko,KIRKPATRICK OIL COMPANY INC,,,1.0,,,,1
Anadarko,KODIAK OIL & GAS INC,,1.0,,1.0,,,2
Anadarko,"LANDMARK RESOURCES, INC.",,1.0,,,,,1
Anadarko,MARATHON OIL COMPANY,3.0,2.0,3.0,3.0,3.0,3.0,17
Anadarko,MEWBOURNE OIL COMPANY,3.0,2.0,3.0,3.0,3.0,2.0,16
Anadarko,NATIVE EXPLORATION OPERATING LLC,,,,1.0,1.0,1.0,3
Anadarko,"NORSTAR PETROLEUM, INC.",,,,1.0,1.0,,2
Anadarko,"NORTHERN LIGHTS OIL COMPANY, LLC",,,,1.0,1.0,,2
Anadarko,O'BRIEN ENERGY RESOURCES CORP.,,,1.0,,,,1
Anadarko,OKLAND OIL COMPANY,1.0,,,,1.0,1.0,3
Anadarko,ORCA OPERATING COMPANY LLC,,,1.0,,,,1
Anadarko,OSO RESOURCES LLC,,1.0,,,,,1
Anadarko,OVINTIV MID-CONTINENT INC.,1.0,1.0,,,,,2
Anadarko,OVINTIV USA INC,1.0,1.0,2.0,2.0,2.0,2.0,10
Anadarko,"PALMER OIL, INC.",,,,1.0,1.0,,2
Anadarko,PALOMA OPERATING CO INC,,,1.0,1.0,,,2
Anadarko,"PALOMINO PETROLEUM, INC.",4.0,3.0,1.0,2.0,2.0,3.0,15
Anadarko,PANTERA ENERGY COMPANY,1.0,1.0,,1.0,1.0,1.0,5
Anadarko,"PEACHRIDGE ENERGY OPERATING, LLC",,,1.0,,,,1
Anadarko,"PICKRELL DRILLING COMPANY, INC.",1.0,,,,,1.0,2
Anadarko,R L & B ENERGY LLC,1.0,1.0,,,,,2
Anadarko,RED BLUFF RESOURCES OPERATING LLC,1.0,1.0,1.0,,1.0,1.0,5
Anadarko,"RITCHIE EXPLORATION, INC.",,,1.0,,,,1
Anadarko,ROX EXPLORATION INC,,1.0,,,,,1
Anadarko,SCOUT ENERGY MANAGEMENT LLC,,,1.0,1.0,1.0,1.0,4
Anadarko,STAGHORN PETROLEUM II LLC,1.0,1.0,1.0,1.0,1.0,1.0,6
Anadarko,"STELBAR OIL CORPORATION, INC.",1.0,1.0,,1.0,1.0,1.0,5
Anadarko,TAPSTONE ENERGY LLC,1.0,1.0,1.0,1.0,1.0,1.0,6
Anadarko,THOROUGHBRED ASSOCIATES L.L.C.,1.0,,,,,1.0,2
Anadarko,TRAILHEAD EXPLORATION LLC,1.0,1.0,1.0,1.0,1.0,1.0,6
Anadarko,TRAVIS PEAK RESOURCES LLC,1.0,1.0,,,1.0,1.0,4
Anadarko,TRIPLE CROWN OPERATING LLC,,,1.0,,,,1
Anadarko,UPLAND RESOURCES LLC,,,1.0,1.0,1.0,1.0,4
Anadarko,WARWICK-JUPITER LLC,,,1.0,1.0,1.0,1.0,4
Anadarko,WARWICK-MINERVA LLC,1.0,1.0,,,,,2
Anadarko,"WHITE EXPLORATION, INC.",,1.0,,,,,1
Anadarko,XTO ENERGY INC,2.0,2.0,2.0,2.0,2.0,2.0,12
Arkoma,CANYON CREEK ENERGY ARKOMA LLC,1.0,,,1.0,1.0,1.0,4
Arkoma,CITATION OIL & GAS CORPORATION,,,1.0,1.0,1.0,,3
Arkoma,HILL OIL COMPANY INC,,,,1.0,1.0,,2
Arkoma,PABLO ENERGY II LLC,1.0,,1.0,1.0,1.0,1.0,5
Arkoma,PRAIRIE GAS COMPANY OF OKLAHOMA LLC,,,1.0,1.0,1.0,1.0,4
Arkoma,SANGUINE GAS EXPLORATION LLC,,,1.0,,,,1
Arkoma,SILVER CREEK OIL & GAS LLC,,1.0,,,,,1
Arkoma,TRINITY OPERATING (USG) LLC,1.0,1.0,1.0,1.0,1.0,1.0,6
Austin Chalk,"CONTINENTAL TREND RESOURCES, INC",,,1.0,,,,1
Austin Chalk,"FORZA OPERATING, LLC",,1.0,1.0,,,,2
Austin Chalk,"MUD CREEK OPERATING, LLC",,,,,1.0,,1
Austin Chalk,"NAVIDAD OPERATING COMPANY, LLC",,,1.0,1.0,,,2
Austin Chalk,VERDUN OIL & GAS LLC,1.0,1.0,,,1.0,1.0,4
Austin Chalk,WALTER OIL & GAS CORPORATION,1.0,1.0,1.0,1.0,,1.0,5
Bakken,MARATHON OIL COMPANY,3.0,3.0,3.0,2.0,3.0,3.0,17
Bakken,SCOUT ENERGY MANAGEMENT LLC,,,,,1.0,1.0,2
Bakken,"BOWLINE ENERGY, LLC",1.0,1.0,,1.0,1.0,1.0,5
Bakken,"CONTINENTAL RESOURCES, INC.",10.0,9.0,9.0,10.0,10.0,10.0,58
Bakken,CRESCENT POINT ENERGY U.S. CORP.,1.0,1.0,1.0,1.0,1.0,1.0,6
Bakken,ENERPLUS RESOURCES USA CORPORATION,1.0,2.0,1.0,1.0,1.0,1.0,7
Bakken,"GRAYSON MILL OPERATING, LLC",1.0,1.0,,1.0,1.0,1.0,5
Bakken,"HESS BAKKEN INVESTMENTS II, LLC",3.0,2.0,3.0,3.0,3.0,3.0,17
Bakken,HUNT OIL COMPANY,1.0,1.0,1.0,1.0,1.0,1.0,6
Bakken,"IRON OIL OPERATING, LLC",,,1.0,1.0,1.0,,3
Bakken,"KODA RESOURCES OPERATING, LLC",,,1.0,,,,1
Bakken,KRAKEN OPERATING LLC,1.0,1.0,,1.0,1.0,1.0,5
Bakken,"KRAKEN OPERATING, LLC",,,1.0,,,,1
Bakken,MUREX PETROLEUM CORPORATION,1.0,1.0,,,,,2
Bakken,OASIS PETROLEUM NORTH AMERICA,1.0,,1.0,1.0,1.0,1.0,5
Bakken,OASIS PETROLEUM NORTH AMERICA LLC,1.0,2.0,1.0,1.0,1.0,1.0,7
Bakken,OVINTIV PRODUCTION INC.,1.0,1.0,1.0,1.0,1.0,1.0,6
Bakken,"PETRO-HUNT DAKOTA, LLC",,,1.0,1.0,,,2
Bakken,"PETRO-HUNT, L.L.C.",1.0,1.0,,,1.0,1.0,4
Bakken,PETROSHALE (US) INC.,,,1.0,,,,1
Bakken,SINCLAIR OIL & GAS COMPANY,,,1.0,,,,1
Bakken,"SLAWSON EXPLORATION COMPANY, INC.",1.0,1.0,1.0,1.0,1.0,1.0,6
Bakken,"SUMMIT CARBON SOLUTIONS, LLC.",1.0,1.0,,,1.0,1.0,4
Bakken,"TALLGRASS WATER NORTH DAKOTA, LLC",1.0,1.0,,1.0,1.0,1.0,5
Bakken,TRUE OIL LLC,,,1.0,1.0,1.0,,3
Bakken,WHITING OIL AND GAS CORPORATION,2.0,2.0,2.0,2.0,2.0,2.0,12
Bakken,"WPX ENERGY WILLISTON, LLC",1.0,1.0,,,,,2
Barnett,"B.O.L.D. OIL AND GAS, LLC",,1.0,1.0,,,,2
Barnett,"BEDROCK PRODUCTION, LLC",1.0,1.0,,,,1.0,3
Barnett,"BLUFF CREEK PETROLEUM, LLC",,,,,1.0,1.0,2
Barnett,"BROWNING OIL COMPANY, INC.",2.0,2.0,2.0,2.0,2.0,2.0,12
Barnett,"BUCK WHEAT RESOURCES, L.P.",,,,1.0,,,1
Barnett,"BURNETT OIL CO., INC.",,,1.0,,,,1
Barnett,"CANAN MOWREY OPERATING, LLC",,1.0,,,,,1
Barnett,"CLEAR FORK, INCORPORATED",1.0,1.0,1.0,,,1.0,4
Barnett,CORDA CORPORATION,,1.0,,,,,1
Barnett,D.J. & T. ENERGY,,,,1.0,,,1
Barnett,DELTA OIL & GAS LTD.,1.0,1.0,,1.0,1.0,1.0,5
Barnett,"DJ & T SERVICES, LLC",1.0,,,,1.0,1.0,3
Barnett,"DRY FORK PRODUCTION CO., LLC",,1.0,,,,,1
Barnett,"ECHO PRODUCTION, INC.",,,1.0,1.0,,,2
Barnett,"EXPRO ENGINEERING, INC.",,,1.0,,,,1
Barnett,FELDERHOFF PRODUCTION COMPANY,,1.0,,,,,1
Barnett,"GHA BARNETT, LLC",1.0,1.0,,1.0,1.0,1.0,5
Barnett,GUNN OIL COMPANY,,,,1.0,1.0,,2
Barnett,"HW OPERATING, LLC",,,,,1.0,1.0,2
Barnett,ICS ENERGY LLC,,,,1.0,,,1
Barnett,INTERSTATE EXPLORATIONS LLC,1.0,,,,1.0,1.0,3
Barnett,"MOMENTUM OPERATING CO., INC.",,,1.0,,,,1
Barnett,"MORIAH OPERATING,LLC",1.0,,,1.0,2.0,,4
Barnett,"MUIRFIELD EXPLORATION, LTD.",1.0,1.0,1.0,1.0,1.0,1.0,6
Barnett,"PEREGRINE PETROLEUM PRTNR, LTD.",2.0,2.0,1.0,1.0,1.0,1.0,8
Barnett,"RIFE ENERGY OPERATING, INC.",,1.0,,,,,1
Barnett,"ROSS, DWIGHT M. DRLG. CO., INC.",,,,1.0,1.0,,2
Barnett,"S.B. STREET OPERATING, INC.",1.0,1.0,,,1.0,1.0,4
Barnett,SAGE NATURAL RESOURCES LLC,,,1.0,1.0,1.0,1.0,4
Barnett,"SALIDA EXPLORATION, LLC",,,1.0,,,,1
Barnett,"SCHALK OIL COMPANY, INC.",1.0,,,,,1.0,2
Barnett,SOJOURNER DRILLING CORPORATION,1.0,,,,1.0,1.0,3
Barnett,"STASNEY WELL SERVICE, LLC",,1.0,,,,,1
Barnett,TACOR RESOURCES INC,,,,1.0,1.0,,2
Barnett,"TEP BARNETT USA, LLC",2.0,1.0,2.0,2.0,2.0,2.0,11
Barnett,"TEXCEL EXPLORATION, INC.",1.0,,,,,1.0,2
Barnett,"TRIO CONSULTING & MANAGEMENT,LLC",,,,1.0,,,1
Barnett,"WEST TEXAS OIL AND GAS OPER.,INC",1.0,1.0,1.0,1.0,1.0,1.0,6
Barnett,WILCOX PETROLEUM OPERATING LLC.,,,1.0,,,,1
Cherokee,GLB EXPLORATION INC,,1.0,,,,,1
DJ Basin,BEREXCO LLC,,,1.0,,,,1
DJ Basin,"PALOMINO PETROLEUM, INC.",,,1.0,,,,1
DJ Basin,ADVANTAGE RESOURCES INC,1.0,1.0,1.0,1.0,1.0,1.0,6
DJ Basin,"ARCADIAN RESOURCES, LLC",,,1.0,,,,1
DJ Basin,BAYSWATER EXPLORATION & PRODUCTION LLC,1.0,1.0,1.0,1.0,1.0,1.0,6
DJ Basin,"BLACK OAK EXPLORATION, LLC",,,1.0,1.0,1.0,,3
DJ Basin,BONANZA CREEK ENERGY OPERATING COMPANY LLC,,,,1.0,1.0,1.0,3
DJ Basin,"BRITO OIL COMPANY, INC.",,,,1.0,,,1
DJ Basin,CANYON OPERATING LLC,,,1.0,,,,1
DJ Basin,"CARBON VENTURES, LLC",1.0,1.0,,1.0,1.0,1.0,5
DJ Basin,CRESTONE PEAK RESOURCES OPERATING LLC,,1.0,2.0,1.0,,,4
DJ Basin,"DARRAH OIL COMPANY, LLC",,,,1.0,1.0,,2
DJ Basin,DAVIDSON OIL & GAS LLC,,,,,1.0,,1
DJ Basin,DOWNING-NELSON OIL CO INC,,,1.0,,,,1
DJ Basin,EME WYOMING LLC,,,1.0,,,,1
DJ Basin,EXTRACTION OIL & GAS INC,2.0,2.0,2.0,2.0,2.0,2.0,12
DJ Basin,GREAT WESTERN OPERATING COMPANY LLC,2.0,2.0,2.0,2.0,2.0,2.0,12
DJ Basin,KERR MCGEE OIL & GAS ONSHORE LP,1.0,1.0,1.0,1.0,1.0,1.0,6
DJ Basin,"L. D. DRILLING, INC.",1.0,1.0,,,,1.0,3
DJ Basin,LONGS PEAK RESOURCES LLC,,,,1.0,1.0,1.0,3
DJ Basin,MALLARD EXPLORATION LLC,,1.0,,,1.0,1.0,3
DJ Basin,"MULL DRILLING COMPANY, INC.",,,,1.0,1.0,1.0,3
DJ Basin,"MURFIN DRILLING CO., INC.",2.0,2.0,,1.0,1.0,2.0,8
DJ Basin,"MURFIN DRILLING COMPANY, INC",1.0,,1.0,1.0,1.0,1.0,5
DJ Basin,NOBLE ENERGY INC,1.0,1.0,1.0,1.0,1.0,1.0,6
DJ Basin,PDC ENERGY INC,2.0,1.0,,,1.0,2.0,6
DJ Basin,"PDC ENERGY, INC",,1.0,1.0,1.0,1.0,,4
DJ Basin,"PIONEER OIL COMPANY, INC.",,,,1.0,1.0,,2
DJ Basin,"RAYMOND OIL COMPANY, INC.",,,,,1.0,,1
DJ Basin,SAMSON EXPLORATION LLC,1.0,1.0,1.0,1.0,1.0,1.0,6
DJ Basin,"SHAKESPEARE OIL CO., INC.",,,1.0,,,,1
DJ Basin,THOROUGHBRED ASSOCIATES LLC,1.0,1.0,,1.0,1.0,1.0,5
DJ Basin,VERDAD RESOURCES LLC,1.0,1.0,1.0,1.0,1.0,,5
Eagleford,CHEYENNE PETROLEUM COMPANY,1.0,1.0,1.0,1.0,1.0,1.0,6
Eagleford,"FORZA OPERATING, LLC",,,,1.0,1.0,1.0,3
Eagleford,VERDUN OIL & GAS LLC,1.0,1.0,1.0,2.0,1.0,,6
Eagleford,"AGERON IRONROC ENERGY, LLC",1.0,1.0,1.0,1.0,1.0,1.0,6
Eagleford,APACHE CORPORATION,1.0,1.0,1.0,1.0,1.0,1.0,6
Eagleford,"BLACKBRUSH O & G, LLC",1.0,1.0,,1.0,1.0,1.0,5
Eagleford,BPX OPERATING COMPANY,3.0,4.0,1.0,2.0,2.0,3.0,15
Eagleford,BURLINGTON RESOURCES O & G CO LP,5.0,5.0,4.0,5.0,5.0,5.0,29
Eagleford,CALLON (EAGLE FORD) LLC,1.0,1.0,1.0,,1.0,1.0,5
Eagleford,"CHESAPEAKE OPERATING, L.L.C.",,1.0,,,,,1
Eagleford,"CML EXPLORATION, LLC",1.0,1.0,1.0,1.0,1.0,1.0,6
Eagleford,"COMSTOCK OIL & GAS, LLC",1.0,1.0,1.0,1.0,1.0,1.0,6
Eagleford,"CRIMSON ENERGY PARTNERS IV, LLC",,1.0,,,,,1
Eagleford,"DALLAS PETROLEUM GROUP, LLC",,,1.0,1.0,,,2
Eagleford,"DEVON ENERGY PRODUCTION CO, L.P.",,,1.0,1.0,1.0,,3
Eagleford,ENSIGN OPERATING LLC,1.0,1.0,1.0,1.0,1.0,1.0,6
Eagleford,"EOG RESOURCES, INC.",4.0,5.0,6.0,6.0,6.0,6.0,33
Eagleford,"ESCONDIDO RESOURCES OPER CO, LLC",1.0,1.0,1.0,1.0,1.0,1.0,6
Eagleford,"GEOSOUTHERN OPERATING II, LLC",1.0,1.0,1.0,1.0,1.0,1.0,6
Eagleford,"GRIT OIL & GAS MANAGEMENT, LLC",1.0,1.0,1.0,1.0,1.0,1.0,6
Eagleford,"GULFTEX ENERGY, LLC",1.0,1.0,,,,,2
Eagleford,"HAWKWOOD ENERGY OPERATING, LLC",1.0,1.0,1.0,1.0,1.0,1.0,6
Eagleford,"HEADINGTON ENERGY PARTNERS, LLC",1.0,1.0,1.0,1.0,1.0,1.0,6
Eagleford,"HURD ENTERPRISES, LTD.",1.0,1.0,,1.0,1.0,1.0,5
Eagleford,"HYDROCARBON OPERATING, INC.",,,,1.0,,,1
Eagleford,INEOS USA OIL & GAS LLC,1.0,1.0,1.0,2.0,2.0,1.0,8
Eagleford,"INPEX EAGLE FORD, LLC",1.0,1.0,1.0,1.0,1.0,1.0,6
Eagleford,IRONROC ENERGY,1.0,1.0,,,,1.0,3
Eagleford,"LAREDO ENERGY OPERATING, LLC",2.0,2.0,1.0,1.0,2.0,2.0,10
Eagleford,"LEWIS PETRO PROPERTIES, INC.",,2.0,1.0,,,,3
Eagleford,MAGNOLIA OIL & GAS OPERATING LLC,2.0,2.0,2.0,2.0,2.0,2.0,12
Eagleford,"MAGNUM OPERATING, LLC",,,,1.0,1.0,1.0,3
Eagleford,MARATHON OIL EF LLC,3.0,4.0,2.0,3.0,3.0,3.0,18
Eagleford,MURPHY EXPL. & PROD. CO. - USA,2.0,1.0,1.0,2.0,2.0,2.0,10
Eagleford,"PENN VIRGINIA OIL & GAS, L.P.",2.0,2.0,2.0,2.0,2.0,2.0,12
Eagleford,"PURSUIT OIL & GAS STX, LLC",1.0,1.0,1.0,1.0,1.0,1.0,6
Eagleford,RAMTEX ENERGY LLC,1.0,1.0,,1.0,1.0,1.0,5
Eagleford,"RECOIL RESOURCES OPERATING, INC.",1.0,1.0,1.0,1.0,1.0,1.0,6
Eagleford,"REPSOL OIL & GAS USA, LLC",2.0,1.0,1.0,1.0,1.0,1.0,7
Eagleford,"RIO GRANDE E&P, LLC",,,1.0,1.0,,1.0,3
Eagleford,"ROSEWOOD RESOURCES, INC.",2.0,1.0,2.0,1.0,2.0,2.0,10
Eagleford,SILVER HILL ENERGY OPERATING LLC,1.0,1.0,1.0,1.0,,1.0,5
Eagleford,"SILVERBOW RESOURCES OPER, LLC",1.0,,,,,1.0,2
Eagleford,SM ENERGY COMPANY,1.0,1.0,1.0,1.0,1.0,1.0,6
Eagleford,"SN EF MAVERICK, LLC",,,1.0,1.0,1.0,1.0,4
Eagleford,"TRINITY OPERATING (USG), LLC",2.0,2.0,2.0,2.0,2.0,2.0,12
Eagleford,VALIDUS NRG AQUILAS ASSETCO LLC,1.0,1.0,1.0,1.0,1.0,1.0,6
Eagleford,VENADO OPERATING COMPANY LLC,1.0,1.0,1.0,1.0,1.0,1.0,6
Eagleford,WHEELER OPERATING CORPORATION,,,1.0,,,,1
Green River,JONAH ENERGY LLC,2.0,2.0,2.0,2.0,2.0,2.0,12
Green River,ULTRA RESOURCES INC,1.0,,,,,,1
Green River,"ULTRA RESOURCES, INC",,1.0,,,,,1
Gulf Coast,"ACOCK/ANAQUA OPERATING CO., LP",,,1.0,,,,1
Gulf Coast,"ALLEGIANT RESOURCES, LLC",,,1.0,,,,1
Gulf Coast,"ARALUEN ENERGY, INC.",1.0,,,1.0,1.0,1.0,4
Gulf Coast,"ARENA OFFSHORE, LP",2.0,2.0,1.0,2.0,2.0,2.0,11
Gulf Coast,"B&L RESOURCES, L.L.C.",,,,1.0,,,1
Gulf Coast,BIG LAKE CORPORATION,1.0,,,,1.0,1.0,3
Gulf Coast,BLUEFIN RESOURCES LLC,1.0,,,,1.0,1.0,3
Gulf Coast,"CALLOWAY ENGINEERING, LLC",,,1.0,,,,1
Gulf Coast,"CASTEX ENERGY, INC.",,,1.0,1.0,,,2
Gulf Coast,"CHARRO OPERATING, L.L.C.",,,1.0,,,,1
Gulf Coast,"CIMARRON ENGINEERING, LLC",1.0,1.0,,1.0,1.0,1.0,5
Gulf Coast,DUNN EXPLORATION COMPANY,1.0,1.0,1.0,1.0,1.0,2.0,7
Gulf Coast,"FREEPORT-MCMORAN ENERGY, LLC",1.0,1.0,1.0,1.0,1.0,1.0,6
Gulf Coast,HILCORP ENERGY COMPANY,,1.0,,,,,1
Gulf Coast,KALER ENERGY CORP.,1.0,1.0,,,1.0,1.0,4
Gulf Coast,"KEBO OIL & GAS, INC.",1.0,2.0,,1.0,1.0,1.0,6
Gulf Coast,"KILLAM OIL CO., LTD.",1.0,1.0,1.0,1.0,1.0,1.0,6
Gulf Coast,KINGWOOD EXPLORATION LLC,,,1.0,,,,1
Gulf Coast,"LAFAYETTE OILFIELD CONTRACTORS, INC.",,1.0,1.0,,,,2
Gulf Coast,"LLOX, L.L.C.",,1.0,,,,,1
Gulf Coast,LONE STAR NGL MONT BELVIEU LP,,,1.0,,,,1
Gulf Coast,MORTIMER PRODUCTION COMPANY,,,,1.0,1.0,,2
Gulf Coast,"NYE EXPLORATION & PROD, L.L.C.",1.0,1.0,,,,,2
Gulf Coast,"PONDEROSA OIL & GAS, LLC",,,1.0,,,,1
Gulf Coast,"RAVEN FOREST OPERATING, LLC",,,,1.0,,,1
Gulf Coast,"ROBERTSON ENERGY, LLC",1.0,1.0,,1.0,1.0,1.0,5
Gulf Coast,"SAFARI PRODUCTION COMPANY, INC.",1.0,1.0,1.0,1.0,1.0,1.0,6
Gulf Coast,SAGE GEOSYSTEMS LLC,,,1.0,,,,1
Gulf Coast,"SARITA ENERGY RESOURCES, LTD.",,,1.0,,,,1
Gulf Coast,"STRAND ENERGY, L.C.",1.0,1.0,,,,,2
Gulf Coast,"SUEMAUR EXPL. & PROD., LLC",1.0,,1.0,1.0,1.0,1.0,5
Gulf Coast,"T-C OIL COMPANY, LLC",1.0,1.0,2.0,1.0,1.0,1.0,7
Gulf Coast,"UNDERGROUND SERVICES MARKHAM,LLC",1.0,1.0,1.0,1.0,1.0,1.0,6
Gulf Coast,UNITED TEXAS OIL LLC,1.0,,,1.0,1.0,1.0,4
Gulf Coast,"VANTAGE OPERATING, LLC",,,1.0,1.0,1.0,1.0,4
Gulf Coast,"WHITEHEAD RESOURCES, LTD.",,,,,1.0,,1
Gulf Coast,"WHITNEY OIL & GAS, LLC",1.0,,1.0,1.0,1.0,1.0,5
Gulf Coast,ZARVONA ENERGY LLC,1.0,1.0,,,1.0,1.0,4
Haynesville,BPX OPERATING COMPANY,3.0,3.0,1.0,2.0,3.0,3.0,15
Haynesville,"COMSTOCK OIL & GAS, LLC",2.0,2.0,1.0,2.0,2.0,2.0,11
Haynesville,"TRINITY OPERATING (USG), LLC",3.0,3.0,3.0,3.0,3.0,3.0,18
Haynesville,"STRAND ENERGY, L.C.",1.0,1.0,1.0,1.0,1.0,,5
Haynesville,AETHON ENERGY OPERATING L,7.0,7.0,7.0,6.0,7.0,8.0,42
Haynesville,AETHON ENERGY OPERATING LLC,7.0,7.0,5.0,7.0,7.0,7.0,40
Haynesville,"BETSY PRODUCTION CO., INC.",,1.0,,,,,1
Haynesville,"BLACKWELL EXP & DEVELOPMENT, LLC",,,1.0,,,,1
Haynesville,"BLUE DOME OPERATING, LLC",1.0,1.0,1.0,1.0,1.0,1.0,6
Haynesville,"C6 OPERATING, L.L.C.",1.0,1.0,,1.0,1.0,1.0,5
Haynesville,"CHESAPEAKE OPERATING, L.L.C",4.0,4.0,3.0,2.0,3.0,3.0,19
Haynesville,"COMSTOCK OIL & GAS--LA, LLC",2.0,1.0,3.0,2.0,2.0,2.0,12
Haynesville,DALLAS PRODUCTION COMPANY LLC,1.0,1.0,,,,,2
Haynesville,"EMPRESA OPERATING, LLC",1.0,1.0,1.0,1.0,1.0,1.0,6
Haynesville,ENSIGHT IV ENERGY MANAGEM,1.0,,1.0,1.0,1.0,1.0,5
Haynesville,"EXCO OPERATING COMPANY, LP",1.0,1.0,1.0,1.0,1.0,1.0,6
Haynesville,"FONTAINEBLEAU OPERATING, LLC",1.0,,,1.0,1.0,1.0,4
Haynesville,"GEP HAYNESVILLE II, LLC",2.0,2.0,1.0,2.0,2.0,2.0,11
Haynesville,"GEP HAYNESVILLE, LLC",4.0,4.0,5.0,4.0,4.0,4.0,25
Haynesville,GOODRICH PETROLEUM COMPA,,1.0,,1.0,,,2
Haynesville,INDIGO MINERALS LLC,5.0,4.0,6.0,6.0,6.0,6.0,33
Haynesville,"MAXIMUS OPERATING, LTD.",1.0,1.0,1.0,,,,3
Haynesville,PA PROSPECT CORPORATION,1.0,1.0,,,1.0,1.0,4
Haynesville,"PETRO-CHEM OPERATING COMPANY, INC.",,1.0,1.0,,,,2
Haynesville,"PETROQUEST ENERGY, L.L.C.",1.0,1.0,1.0,1.0,1.0,1.0,6
Haynesville,"PINE WAVE ENERGY PARTNERS OP,LLC",1.0,1.0,1.0,1.0,1.0,1.0,6
Haynesville,QUANICO OIL & GAS INC,,,,1.0,,,1
Haynesville,"R. LACY SERVICES, LTD.",1.0,1.0,,,1.0,1.0,4
Haynesville,"R360 ENVIRONMENTAL SOLUTIONS OF LA, LLC",1.0,1.0,,1.0,1.0,1.0,5
Haynesville,"RFE OPERATING, LLC",,,1.0,1.0,,,2
Haynesville,ROCKCLIFF ENERGY OPERATING LLC,4.0,4.0,4.0,4.0,4.0,4.0,24
Haynesville,"ROSE CITY RESOURCES, LLC",1.0,1.0,1.0,1.0,1.0,1.0,6
Haynesville,SABINE OIL & GAS CORPORATION,3.0,3.0,3.0,3.0,3.0,3.0,18
Haynesville,"SLANT OPERATING, LLC",1.0,1.0,,1.0,1.0,1.0,5
Haynesville,"SUGAR CREEK PRODUCING COMPANY, LLC",,,1.0,,,,1
Haynesville,"SWN PRODUCTION (LOUISIANA), LLC",,1.0,,,1.0,,2
Haynesville,"TANOS EXPLORATION II, LLC",1.0,1.0,1.0,1.0,1.0,1.0,6
Haynesville,TELLURIAN OPERATING LLC,1.0,1.0,,,,1.0,3
Haynesville,VALENCE OPERATING COMPANY,1.0,1.0,,,,,2
Haynesville,VINE ENERGY OPERATING LP,1.0,1.0,3.0,2.0,2.0,2.0,11
Haynesville,VINE OIL & GAS LP,1.0,1.0,,1.0,1.0,1.0,5
Haynesville,WEISER-BROWN OPERATING COMPANY,1.0,,,,,1.0,2
Michigan,MUSKEGON OPERATING COMPANY LLC,1.0,1.0,,,1.0,1.0,4
Michigan,NU ENERGY OPERATING INC,,,,1.0,,,1
Michigan,WEST BAY EXPLORATION CO,,,,1.0,1.0,1.0,3
Michigan,WEST BAY EXPLORATION COMPANY,,1.0,,,,,1
Michigan,WOLVERINE GAS AND OIL COMPANY OF MICHIGAN LLC,,,1.0,,,,1
Mississippi,"ALPINE GAS OPERATOR, LLC",,,1.0,1.0,,,2
Mississippi,"GEOTERRE OPERATING, LLC",1.0,1.0,,,,,2
Mississippi,"STATE LINE EXPLORATION, LLC",,,1.0,1.0,1.0,1.0,4
Mississippi,"T.O. KIMBRELL, LLC",,,1.0,,,,1
Mississippi,VENTURE OIL & GAS INC,2.0,1.0,,1.0,2.0,2.0,8
Mississippi,"VENTURE OIL & GAS, INC.",,,1.0,2.0,1.0,1.0,5
North Slope,CONOCOPHILLIPS ALASKA INC,2.0,2.0,3.0,2.0,3.0,2.0,14
North Slope,CONOCOPHILLIPS ALASKA INC.,,,1.0,1.0,,,2
Northeast,"REPSOL OIL & GAS USA, LLC",2.0,2.0,1.0,1.0,1.0,1.0,8
Northeast,HILCORP ENERGY COMPANY,1.0,1.0,1.0,1.0,1.0,1.0,6
Northeast,ANTERO RESOURCES  CORPORATION,,,1.0,1.0,,,2
Northeast,ANTERO RESOURCES CORPORATION,4.0,4.0,3.0,3.0,4.0,4.0,22
Northeast,"ARD OPERATING, LLC",,,1.0,,,,1
Northeast,ARSENAL RESOURCES LLC,,,1.0,1.0,1.0,1.0,4
Northeast,ASCENT RESOURCES UTICA LLC,3.0,2.0,2.0,3.0,3.0,3.0,16
Northeast,"ASCENT RESOURCES UTICA, LLC",,2.0,2.0,1.0,1.0,,6
Northeast,CABOT OIL & GAS CORP,2.0,2.0,2.0,2.0,2.0,2.0,12
Northeast,CHESAPEAKE APPALACHIA LLC,3.0,3.0,4.0,3.0,3.0,3.0,19
Northeast,CHIEF OIL & GAS LLC,2.0,2.0,1.0,1.0,2.0,2.0,10
Northeast,CNX GAS CO LLC,1.0,1.0,1.0,1.0,1.0,1.0,6
Northeast,"CNX GAS COMPANY, LLC",1.0,1.0,,1.0,1.0,1.0,5
Northeast,DIMES ENERGY GP INC.,,1.0,1.0,1.0,,1.0,4
Northeast,EAP OHIO LLC,2.0,1.0,3.0,1.0,1.0,1.0,9
Northeast,"EAP OHIO, LLC",1.0,2.0,,2.0,2.0,2.0,9
Northeast,"EOG RESOURCES, INC",,,,1.0,,,1
Northeast,EQT ARO LLC,1.0,1.0,,,,,2
Northeast,EQT PRODUCTION COMPANY,3.0,3.0,3.0,3.0,3.0,3.0,18
Northeast,FORTUNA ENERGY INC,,,1.0,1.0,1.0,1.0,4
Northeast,GREYLOCK PRODUCTION LLC,1.0,1.0,,1.0,1.0,1.0,5
Northeast,GULFPORT APPALACHIA LLC,1.0,1.0,1.0,1.0,1.0,1.0,6
Northeast,"GULFPORT APPALACHIA, LLC",1.0,1.0,1.0,1.0,1.0,1.0,6
Northeast,"HG ENERGY II APPALACHIA, LLC",3.0,3.0,2.0,2.0,2.0,3.0,15
Northeast,"JAY-BEE OIL & GAS, INC.",1.0,1.0,,1.0,1.0,1.0,5
Northeast,LAUREL MOUNTAIN PRODUCTION,1.0,1.0,,,,,2
Northeast,NORTHEAST NATURAL ENERGY LLC,,1.0,1.0,,,,2
Northeast,PENNENERGY RESOURCES LLC,,1.0,,,,,1
Northeast,"PENNENERGY RESOURCES, LLC",1.0,,,1.0,1.0,1.0,4
Northeast,RANGE RESOURCES APPALACHIA LLC,2.0,3.0,2.0,2.0,2.0,2.0,13
Northeast,RICE DRILLING B LLC,,,1.0,1.0,1.0,,3
Northeast,SENECA RESOURCES COMPANY LLC,,,2.0,1.0,,,3
Northeast,SENECA RESOURCES CORP,1.0,2.0,1.0,2.0,2.0,2.0,10
Northeast,SENECA RESOURCES CORPORATION,1.0,1.0,,,1.0,1.0,4
Northeast,SNYDER BROS INC,1.0,1.0,1.0,1.0,1.0,1.0,6
Northeast,"SWN PRODUCTION COMPANY, LLC",1.0,4.0,2.0,3.0,4.0,3.0,17
Northeast,"TRIBUNE RESOURCES, LLC",2.0,2.0,,,,,4
Northeast,"TUG HILL OPERATING, LLC",5.0,4.0,5.0,5.0,5.0,5.0,29
Offshore,WALTER OIL & GAS CORPORATION,1.0,1.0,1.0,2.0,1.0,1.0,7
Offshore,HILCORP ENERGY COMPANY,1.0,,,,,1.0,2
Offshore,ANADARKO PETROLEUM CORPORATION,1.0,2.0,1.0,1.0,1.0,1.0,7
Offshore,BHP BILLITON PETROLEUM (DEEPWATER) INC.,1.0,1.0,1.0,1.0,1.0,1.0,6
Offshore,BOE EXPLORATION & PRODUCTION LLC,1.0,1.0,1.0,1.0,1.0,1.0,6
Offshore,BP EXPLORATION & PRODUCTION INC.,1.0,1.0,,,,1.0,3
Offshore,"BP EXPLORATION & PRODUCTION, INC",,,1.0,1.0,1.0,,3
Offshore,"BP EXPLORATION & PRODUCTION, INC.",1.0,1.0,1.0,1.0,1.0,1.0,6
Offshore,CHEVRON U.S.A. INC.,3.0,2.0,1.0,3.0,2.0,2.0,13
Offshore,"CHEVRON U.S.A., INC.",,,1.0,,,,1
Offshore,ENI US OPERATING CO. INC.,1.0,1.0,1.0,1.0,1.0,1.0,6
Offshore,"ENVEN ENERGY VENTURES, LLC",1.0,1.0,1.0,1.0,1.0,1.0,6
Offshore,EQUINOR GULF OF MEXICO LLC,1.0,1.0,,1.0,1.0,1.0,5
Offshore,"EQUINOR GULF OF MEXICO, LLC",,,1.0,,,,1
Offshore,HESS CORPORATION,1.0,1.0,,,1.0,1.0,4
Offshore,"LLOG EXPLORATION OFFSHORE, L.L.C.",1.0,1.0,1.0,1.0,1.0,1.0,6
Offshore,MURPHY EXPLORATION & PRODUCTION COMPANY,1.0,,,1.0,1.0,1.0,4
Offshore,MURPHY EXPLORATION & PRODUCTION COMPANY - USA,1.0,1.0,1.0,1.0,1.0,1.0,6
Offshore,SHELL OFFSHORE INC.,7.0,7.0,5.0,6.0,7.0,7.0,39
Offshore,"SHELL OFFSHORE, INC.",1.0,,1.0,1.0,1.0,1.0,5
Offshore,TALOS PETROLEUM LLC,,1.0,,,,,1
Offshore,"TALOS PETROLEUM, LLC",1.0,,1.0,1.0,1.0,1.0,5
Permian - Delaware,"BLACKBEARD OPERATING, LLC",1.0,1.0,1.0,2.0,2.0,2.0,9
Permian - Delaware,MEWBOURNE OIL COMPANY,2.0,3.0,1.0,2.0,2.0,2.0,12
Permian - Delaware,BPX OPERATING COMPANY,2.0,2.0,2.0,2.0,2.0,2.0,12
Permian - Delaware,"EOG RESOURCES, INC.",14.0,13.0,12.0,15.0,15.0,14.0,83
Permian - Delaware,"EOG RESOURCES, INC",,1.0,1.0,,,,2
Permian - Delaware,"ADVANCE ENERGY PARTNERS HAT MESA, LLC",1.0,1.0,1.0,1.0,1.0,1.0,6
Permian - Delaware,"ADVANCE ENERGY PARTNERS, LLC",1.0,1.0,2.0,2.0,2.0,2.0,10
Permian - Delaware,"AMEREDEV OPERATING, LLC",5.0,5.0,4.0,4.0,4.0,4.0,26
Permian - Delaware,ANADARKO E&P ONSHORE LLC,7.0,7.0,8.0,8.0,8.0,8.0,46
Permian - Delaware,APR OPERATING LLC,,,,1.0,,1.0,2
Permian - Delaware,"BTA OIL PRODUCERS, LLC",3.0,2.0,3.0,2.0,3.0,3.0,16
Permian - Delaware,CALLON PETROLEUM OPERATING CO,2.0,2.0,2.0,2.0,2.0,2.0,12
Permian - Delaware,"CATENA RESOURCES OPERATING, LLC",1.0,1.0,1.0,1.0,1.0,1.0,6
Permian - Delaware,"CAZA OPERATING, LLC",1.0,1.0,1.0,1.0,1.0,1.0,6
Permian - Delaware,"CENTENNIAL RESOURCE PROD, LLC",1.0,,2.0,1.0,1.0,1.0,6
Permian - Delaware,"CENTENNIAL RESOURCE PRODUCTION, LLC",1.0,1.0,,1.0,1.0,1.0,5
Permian - Delaware,CHEVRON U. S. A. INC.,2.0,1.0,2.0,2.0,2.0,2.0,11
Permian - Delaware,CHEVRON USA INCORPORATED,2.0,2.0,2.0,2.0,2.0,2.0,12
Permian - Delaware,"CHISHOLM ENERGY OPERATING, LLC",1.0,1.0,1.0,1.0,1.0,1.0,6
Permian - Delaware,CIMAREX ENERGY CO.,3.0,3.0,3.0,3.0,3.0,3.0,18
Permian - Delaware,CIMAREX ENERGY CO. OF COLORADO,3.0,2.0,2.0,2.0,3.0,3.0,15
Permian - Delaware,COG OPERATING LLC,5.0,5.0,3.0,5.0,5.0,5.0,28
Permian - Delaware,"COLGATE OPERATING, LLC",5.0,5.0,3.0,4.0,4.0,4.0,25
Permian - Delaware,CONOCOPHILLIPS COMPANY,1.0,1.0,1.0,1.0,1.0,1.0,6
Permian - Delaware,CPB WATER LLC,,1.0,1.0,1.0,,,3
Permian - Delaware,"DEVON ENERGY PRODUCTION COMPANY, LP",8.0,8.0,7.0,8.0,8.0,8.0,47
Permian - Delaware,DIAMONDBACK E&P LLC,3.0,3.0,3.0,4.0,4.0,3.0,20
Permian - Delaware,EOG RESOURCES INC,3.0,2.0,,1.0,2.0,3.0,11
Permian - Delaware,"FORGE ENERGY OPERATING, LLC",1.0,1.0,1.0,1.0,1.0,1.0,6
Permian - Delaware,FRANKLIN MOUNTAIN ENERGY LLC,3.0,2.0,3.0,3.0,3.0,3.0,17
Permian - Delaware,GREAT WESTERN DRILLING COMPANY,,,,,1.0,1.0,2
Permian - Delaware,"HALCON OPERATING CO., INC.",1.0,1.0,,1.0,1.0,1.0,5
Permian - Delaware,"HUDSPETH OPERATING, LLC",,,1.0,,,,1
Permian - Delaware,KAISER-FRANCIS OIL CO,2.0,2.0,2.0,2.0,2.0,2.0,12
Permian - Delaware,"LONGFELLOW ENERGY, LP",,,1.0,,,,1
Permian - Delaware,LUXE OPERATING LLC,,,1.0,,,,1
Permian - Delaware,MATADOR PRODUCTION COMPANY,5.0,5.0,5.0,4.0,3.0,5.0,27
Permian - Delaware,MEWBOURNE OIL CO,12.0,13.0,11.0,12.0,12.0,14.0,74
Permian - Delaware,"MILESTONE ENVIRONMENTAL SERVICES, LLC",,,,,,1.0,1
Permian - Delaware,"NOVO OIL & GAS NORTHERN DELAWARE, LLC",3.0,3.0,1.0,3.0,3.0,3.0,16
Permian - Delaware,"OAK PRAIRIE OPERATIONS, LLC",,,1.0,,,,1
Permian - Delaware,OASIS PETROLEUM PERMIAN LLC,,,2.0,1.0,1.0,1.0,5
Permian - Delaware,OXY USA INCORPORATED,3.0,3.0,2.0,2.0,1.0,2.0,13
Permian - Delaware,"P.O.&G. OPERATING, LLC",,,,1.0,,,1
Permian - Delaware,"PDC PERMIAN, INC.",1.0,1.0,1.0,1.0,1.0,1.0,6
Permian - Delaware,"PERCUSSION PETROLEUM OPER II,LLC",1.0,2.0,,1.0,1.0,1.0,6
Permian - Delaware,"POINT ENERGY PARTNERS PETRO, LLC",2.0,2.0,3.0,3.0,3.0,3.0,16
Permian - Delaware,"PRI OPERATING, LLC",3.0,3.0,3.0,3.0,3.0,3.0,18
Permian - Delaware,PRIMEXX OPERATING CORPORATION,2.0,2.0,2.0,2.0,2.0,2.0,12
Permian - Delaware,RIDGEWAY ARIZONA OIL CORP.,1.0,,,1.0,1.0,1.0,4
Permian - Delaware,"RIO OIL AND GAS (PERMIAN) II,LLC",1.0,,1.0,1.0,1.0,1.0,5
Permian - Delaware,"SADDLEBACK EXPLORATION, LLC",1.0,1.0,1.0,1.0,1.0,1.0,6
Permian - Delaware,"SCALA ENERGY OPERATING, LLC",,,1.0,,,,1
Permian - Delaware,SHELL WESTERN E&P,4.0,4.0,4.0,4.0,4.0,4.0,24
Permian - Delaware,SPUR ENERGY PARTNERS LLC,2.0,1.0,1.0,2.0,2.0,2.0,10
Permian - Delaware,"STATELINE WATER, LLC",1.0,1.0,,1.0,1.0,1.0,5
Permian - Delaware,"STEWARD ENERGY II, LLC",1.0,1.0,,1.0,1.0,1.0,5
Permian - Delaware,TALL CITY OPERATIONS III LLC,2.0,2.0,2.0,2.0,2.0,2.0,12
Permian - Delaware,"TAMAROA OPERATING, LLC",1.0,1.0,,,1.0,1.0,4
Permian - Delaware,"TAP ROCK OPERATING, LLC",7.0,7.0,7.0,7.0,7.0,7.0,42
Permian - Delaware,"TITUS OIL & GAS PRODUCTION, LLC",4.0,4.0,2.0,4.0,3.0,4.0,21
Permian - Delaware,"TRIGO OIL AND GAS, LLC",,,1.0,,,,1
Permian - Delaware,"UPCURVE ENERGY, LLC",,1.0,1.0,1.0,1.0,1.0,5
Permian - Delaware,WATERBRIDGE STATELINE LLC,,1.0,,,,,1
Permian - Delaware,WATERBRIDGE TEXAS OPERATING LLC,1.0,,1.0,1.0,1.0,1.0,5
Permian - Delaware,"WPX ENERGY PERMIAN, LLC",5.0,5.0,5.0,5.0,4.0,5.0,29
Permian - Delaware,XTO ENERGY INC.,1.0,1.0,2.0,1.0,1.0,2.0,8
Permian - Delaware,"XTO ENERGY, INC.",1.0,,1.0,1.0,1.0,1.0,5
Permian - Delaware,XTO PERMIAN OPERATING LLC.,2.0,2.0,1.0,2.0,2.0,2.0,11
Permian - Midland,"BLACKBEARD OPERATING, LLC",2.0,2.0,1.0,1.0,1.0,1.0,8
Permian - Midland,SINCLAIR OIL & GAS COMPANY,1.0,1.0,,1.0,1.0,1.0,5
Permian - Midland,"MORIAH OPERATING,LLC",,1.0,,,,,1
Permian - Midland,APACHE CORPORATION,1.0,2.0,2.0,2.0,2.0,1.0,10
Permian - Midland,"CML EXPLORATION, LLC",1.0,1.0,,,,,2
Permian - Midland,SM ENERGY COMPANY,2.0,2.0,2.0,2.0,2.0,2.0,12
Permian - Midland,"BTA OIL PRODUCERS, LLC",1.0,1.0,1.0,1.0,1.0,1.0,6
Permian - Midland,CALLON PETROLEUM OPERATING CO,1.0,1.0,1.0,1.0,1.0,1.0,6
Permian - Midland,CHEVRON U. S. A. INC.,3.0,3.0,3.0,3.0,3.0,3.0,18
Permian - Midland,COG OPERATING LLC,5.0,4.0,5.0,5.0,5.0,5.0,29
Permian - Midland,DIAMONDBACK E&P LLC,8.0,8.0,7.0,7.0,7.0,8.0,45
Permian - Midland,XTO ENERGY INC.,6.0,6.0,5.0,5.0,5.0,5.0,32
Permian - Midland,"BASIN OIL & GAS OPERATING, LLC",,,1.0,,,,1
Permian - Midland,BAYSWATER OPERATING COMPANY LLC,2.0,2.0,2.0,2.0,2.0,2.0,12
Permian - Midland,"BIRCH OPERATIONS, INC.",2.0,2.0,2.0,2.0,2.0,2.0,12
Permian - Midland,"BLACK SWAN OPERATING, LLC",1.0,1.0,1.0,1.0,2.0,2.0,8
Permian - Midland,"BURK ROYALTY CO., LTD.",,,,1.0,,,1
Permian - Midland,"BURLESON PETROLEUM, INC.",,,1.0,,,,1
Permian - Midland,"CARR RESOURCES, INC.",1.0,1.0,,1.0,1.0,1.0,5
Permian - Midland,"CGS OPERATING, LLC",1.0,,,1.0,1.0,1.0,4
Permian - Midland,"CHI OPERATING, INC.",,,1.0,,,,1
Permian - Midland,"CROWNQUEST OPERATING, LLC",5.0,6.0,8.0,6.0,6.0,5.0,36
Permian - Midland,"CUTBOW OPERATING, LLC",1.0,1.0,1.0,1.0,1.0,1.0,6
Permian - Midland,DISCOVERY NATURAL RESOURCES LLC,1.0,1.0,2.0,1.0,1.0,1.0,7
Permian - Midland,"DRIFTWOOD ENERGY OPERATING, LLC",1.0,1.0,,1.0,1.0,1.0,5
Permian - Midland,E R OPERATING COMPANY,,,1.0,1.0,,,2
Permian - Midland,"EARTHSTONE OPERATING, LLC",2.0,2.0,2.0,2.0,2.0,2.0,12
Permian - Midland,"ELEMENT PETROLEUM OP III, LLC",1.0,1.0,,1.0,1.0,1.0,5
Permian - Midland,ELEVATION RESOURCES LLC,,,,1.0,,,1
Permian - Midland,ENDEAVOR ENERGY RESOURCES L.P.,14.0,13.0,13.0,14.0,14.0,14.0,82
Permian - Midland,ENRICH OIL CORPORATION,1.0,1.0,,,,,2
Permian - Midland,ENVIRONMENTAL DISPOSAL SYSTEMS,,1.0,,,,,1
Permian - Midland,"FASKEN OIL AND RANCH, LTD.",3.0,3.0,2.0,2.0,3.0,3.0,16
Permian - Midland,FIREBIRD ENERGY LLC,2.0,2.0,2.0,2.0,2.0,2.0,12
Permian - Midland,FOSSIL PETROLEUM LLC,,,,1.0,,,1
Permian - Midland,"HALVEY ENERGY, LLC",,,,1.0,1.0,1.0,3
Permian - Midland,HENRY RESOURCES LLC,2.0,2.0,2.0,2.0,2.0,2.0,12
Permian - Midland,"HIBERNIA RESOURCES III, LLC",3.0,3.0,2.0,3.0,2.0,3.0,16
Permian - Midland,"HIGHPEAK ENERGY HOLDINGS, LLC",4.0,4.0,4.0,3.0,3.0,3.0,21
Permian - Midland,"ICA ENERGY OPERATING, L.L.C.",,,,1.0,,,1
Permian - Midland,KINDER MORGAN PRODUCTION CO LLC,1.0,1.0,1.0,1.0,1.0,1.0,6
Permian - Midland,"LAREDO PETROLEUM, INC.",3.0,3.0,2.0,3.0,3.0,3.0,17
Permian - Midland,LARIO OIL & GAS COMPANY,1.0,1.0,1.0,1.0,1.0,1.0,6
Permian - Midland,LEGACY RESERVES OPERATING LP,1.0,1.0,,1.0,1.0,1.0,5
Permian - Midland,"MOONTOWER RESOURCES OP, LLC",1.0,1.0,1.0,1.0,1.0,1.0,6
Permian - Midland,"MURCHISON OIL AND GAS, LLC",1.0,1.0,1.0,1.0,1.0,1.0,6
Permian - Midland,OVINTIV USA INC.,3.0,3.0,4.0,4.0,4.0,3.0,21
Permian - Midland,"OXBOW PETROLEUM, LLC",,1.0,,,,,1
Permian - Midland,OXY USA INC.,4.0,4.0,4.0,4.0,4.0,4.0,24
Permian - Midland,"PERMIAN DEEP ROCK OIL CO., LLC",2.0,2.0,2.0,1.0,2.0,2.0,11
Permian - Midland,"PETROLEGACY ENERGY II, LLC",2.0,2.0,3.0,2.0,2.0,2.0,13
Permian - Midland,"PIEDRA OPERATING, LLC",1.0,2.0,3.0,3.0,2.0,2.0,13
Permian - Midland,"PIONEER NATURAL RES. USA, INC.",26.0,23.0,24.0,25.0,25.0,24.0,147
Permian - Midland,"RELIANCE ENERGY, INC.",,,1.0,,,,1
Permian - Midland,"ROGERS, S. K. OIL, INC.",1.0,1.0,,,,1.0,3
Permian - Midland,"RP OPERATING, L.L.C.",1.0,,2.0,1.0,1.0,1.0,6
Permian - Midland,SEM OPERATING COMPANY LLC,2.0,2.0,,2.0,2.0,2.0,10
Permian - Midland,"SILVER CREEK PERMIAN OP CO, LLC",1.0,,,,,,1
Permian - Midland,SILVER OIL & GAS INC.,,,,,1.0,1.0,2
Permian - Midland,SLOAN PETROLEUM INC.,,,1.0,,,,1
Permian - Midland,SMITH ENERGY OPERATING COMPANY,1.0,1.0,,,,,2
Permian - Midland,"SOCORRO EXPLORATION, INC.",,,1.0,,,,1
Permian - Midland,"STRONGHOLD ENERGY II OPER, LLC",1.0,1.0,1.0,1.0,1.0,1.0,6
Permian - Midland,SUMMIT PETROLEUM LLC,2.0,2.0,2.0,1.0,2.0,2.0,11
Permian - Midland,"SURGE OPERATING, LLC",3.0,3.0,2.0,3.0,2.0,3.0,16
Permian - Midland,TALL CITY BRINE LLC,1.0,,,1.0,1.0,1.0,4
Permian - Midland,"THREE SPAN OIL & GAS, INC.",1.0,1.0,1.0,,,1.0,4
Permian - Midland,"TRIPLE CROWN RESOURCES, LLC",1.0,1.0,1.0,1.0,1.0,1.0,6
Permian - Midland,TRP OPERATING LLC,2.0,2.0,1.0,1.0,1.0,1.0,8
Permian - Midland,"VENCER ENERGY, LLC",2.0,2.0,2.0,2.0,2.0,2.0,12
Piceance,CAERUS PICEANCE LLC,1.0,1.0,1.0,1.0,1.0,1.0,6
Piceance,TEP ROCKY MOUNTAIN LLC,1.0,1.0,1.0,1.0,1.0,1.0,6
Powder River,"CONTINENTAL RESOURCES, INC.",,,2.0,,,,2
Powder River,ANADARKO E&P ONSHORE LLC,,,1.0,,,,1
Powder River,EOG RESOURCES INC,2.0,2.0,2.0,1.0,2.0,2.0,11
Powder River,ANADARKO E & P ONSHORE LLC,,1.0,,1.0,,,2
Powder River,ANSCHUTZ EXPLORATION CORPORATION,,,3.0,2.0,1.0,,6
Powder River,ANSCHUTZ OIL COMPANY LLC,3.0,3.0,,1.0,2.0,3.0,12
Powder River,"ANSCHUTZ OIL COMPANY, LLC",1.0,,,,1.0,1.0,3
Powder River,BIG MUDDY OPERATING LLC,,,,1.0,,,1
Powder River,CHESAPEAKE OPERATING LLC,,,1.0,1.0,1.0,1.0,4
Powder River,"CONTINENTAL RESROUCES, INC.",1.0,1.0,,1.0,1.0,1.0,5
Powder River,DAUBE COMPANY THE,,,1.0,,,,1
Powder River,DEVON ENERGY PRODUCTION COMPANY LP,1.0,1.0,1.0,1.0,1.0,1.0,6
Powder River,"MAXIMUS OPERATING, LTD",,,,,1.0,,1
Powder River,NORTHWOODS OPERATING LLC,1.0,,1.0,1.0,1.0,1.0,5
Powder River,PEAK POWDER RIVER RESOURCES LLC,1.0,1.0,1.0,1.0,1.0,1.0,6
Powder River,PETROX RESOURCES INC,,,1.0,,,,1
Powder River,TRANSWORLD SYSTEMS PETROLEUM INC,,,1.0,1.0,1.0,,3
San Juan,"EOG RESOURCES, INC.",1.0,,,1.0,1.0,1.0,4
San Juan,"DJR OPERATING, LLC",1.0,1.0,1.0,,1.0,1.0,5
San Juan,"ENDURING RESOURCES, LLC",1.0,1.0,1.0,1.0,1.0,1.0,6
San Juan,SIMCOE LLC,1.0,1.0,,,,,2
San Juan,"TACITUS, LLC",,,1.0,1.0,1.0,1.0,4
Sedgwick,"CARMEN SCHMITT, INC.",,,,,1.0,1.0,2
Sedgwick,"DARRAH OIL COMPANY, LLC",,1.0,,,1.0,1.0,3
Sedgwick,"L. D. DRILLING, INC.",,,1.0,,,,1
Sedgwick,BLACK DAHLIA OIL & GAS CO.,,,1.0,,,,1
Sedgwick,"BRISCOE PETROLEUM, LLC",,,1.0,,,,1
Sedgwick,"BRUCE OIL COMPANY, L.L.C.",1.0,2.0,,,,,3
Sedgwick,"CHARTER ENERGY, INC.",,,,,1.0,1.0,2
Sedgwick,"CHOLLA PRODUCTION, LLC",1.0,1.0,,,1.0,1.0,4
Sedgwick,"DIXON OPERATING COMPANY, LLC",,,1.0,,,,1
Sedgwick,EDISON OPERATING COMPANY LLC,,,1.0,1.0,,,2
Sedgwick,"EPOC, LLC.",,,1.0,,,,1
Sedgwick,GORE OIL COMPANY,,,1.0,,,,1
Sedgwick,"GRIFFIN, CHARLES N.",1.0,,1.0,1.0,1.0,,4
Sedgwick,"JASON OIL COMPANY, LLC",,,1.0,,,,1
Sedgwick,JORDAN OIL MANAGEMENT INC.,,,,1.0,1.0,1.0,3
Sedgwick,PATTERSON ENERGY LLC,1.0,,,1.0,1.0,1.0,4
Sedgwick,"RANEY OIL COMPANY, LLC",,1.0,,,,,1
Sedgwick,RJM COMPANY,,1.0,,,,,1
Sedgwick,SHELBY RESOURCES LLC,,1.0,,,,,1
Sedgwick,"STEFFEN RESOURCE DEVELOPMENT, LLC",,,,1.0,1.0,,2
Sedgwick,"TDI, INC.",,,1.0,,,,1
Sedgwick,UNION VALLEY PETROLEUM CORPORATION,,1.0,,,,,1
Sedgwick,VINCENT OIL CORPORATION,,,,1.0,1.0,,2
Tuscaloosa,"BRAMMER ENGINEERING, INC.",,1.0,,,,,1
Tuscaloosa,CONTINENTAL RESOURCES INC.,1.0,,,1.0,1.0,1.0,4
Tuscaloosa,"EXCALIBUR OPERATING, LLC",,,,1.0,1.0,,2
Tuscaloosa,FLETCHER PETROLEUM CORP.,1.0,1.0,,,1.0,1.0,4
Tuscaloosa,"NUGULF OPERATING, L.L.C.",,,1.0,,,,1
Tuscaloosa,SOUTHWIND OIL & GAS LLC,,,1.0,1.0,1.0,1.0,4
Uintah,"CH4-FINLEY OPERATING, LLC",1.0,,2.0,2.0,1.0,1.0,7
Uintah,"CH4-FINLEY, LLC",,1.0,,,,,1
Uintah,"EP ENERGY E&P COMPANY, L.P.",,1.0,,,,,1
Uintah,"EP ENERGY E&P COMPANY, LP",2.0,2.0,2.0,2.0,2.0,2.0,12
Uintah,FINLEY RESOURCES INC,1.0,1.0,,,,1.0,3
Uintah,"FINLEY RESOURCES, INC",,,,,1.0,,1
Uintah,"MIDDLE FORK ENERGY UINTA, LLC",2.0,2.0,2.0,2.0,2.0,2.0,12
Uintah,"OVINTIV PRODUCTION, INC.",1.0,1.0,1.0,1.0,1.0,,5
Uintah,"XCL ASSETCO, LLC",2.0,3.0,2.0,2.0,3.0,2.0,14
West Coast,CHEVRON U.S.A. INC.,1.0,1.0,1.0,1.0,1.0,1.0,6
West Coast,"BERRY PETROLEUM COMPANY, LLC",,1.0,3.0,,,,4
West Coast,BRIDGE ENERGY LLC,,,,,1.0,1.0,2
West Coast,"CALIFORNIA RESOURCES ELK HILLS, LLC",1.0,2.0,1.0,2.0,2.0,1.0,9
West Coast,CALIFORNIA RESOURCES PRODUCTION CORPORATION,1.0,1.0,1.0,1.0,1.0,1.0,6
West Coast,"FOOTHILL ENERGY, LLC",,,1.0,,,,1
West Coast,MACPHERSON OIL COMPANY,1.0,,,1.0,1.0,1.0,4
West Coast,SOUTHERN CALIFORNIA GAS COMPANY,1.0,,1.0,1.0,1.0,1.0,5
West Coast,WESTERN OIL EXPLORATION,,,1.0,,,,1
All,,697.0,697.0,668.0,699.0,710.0,706.0,4177
